Transaction Number,Customer ID,AgentID,Partner,Agent Start Date,Primary Skill,Saves,Sales,Time Spent on Call (Seconds),Expected Life Time Value 
1246,91123,457896,Partner C,9/20/19,Saves,1,0,272,201
918,90795,3000,Partner C,9/20/19,Service,1,1,25,367
1271,91148,457896,Partner C,9/20/19,Saves,1,0,259,128
915,90792,3000,Partner C,9/20/19,Service,1,0,54,399
1268,91145,457896,Partner C,9/20/19,Saves,1,0,228,136
1239,91116,457896,Partner C,9/20/19,Saves,1,0,435,138
922,90799,3000,Partner C,9/20/19,Service,1,1,96,264
1288,91165,457896,Partner C,9/20/19,Saves,1,0,560,162
947,90824,3000,Partner C,9/20/19,Service,1,0,214,416
948,90825,3000,Partner C,9/20/19,Service,1,1,215,213
1264,91141,457896,Partner C,9/20/19,Saves,1,1,50,173
1294,91171,457896,Partner C,9/20/19,Saves,1,1,653,176
1244,91121,457896,Partner C,9/20/19,Saves,1,1,359,179
1280,91157,457896,Partner C,9/20/19,Saves,1,1,459,183
1235,91112,457896,Partner C,9/20/19,Saves,0,1,243,342
1247,91124,457896,Partner C,9/20/19,Saves,0,0,219,0
951,90828,3000,Partner C,9/20/19,Service,1,1,247,417
1289,91166,457896,Partner C,9/20/19,Saves,0,1,501,333
938,90815,3000,Partner C,9/20/19,Service,1,0,163,399
1266,91143,457896,Partner C,9/20/19,Saves,0,1,483,414
1260,91137,457896,Partner C,9/20/19,Saves,0,0,197,350
1274,91151,457896,Partner C,9/20/19,Saves,1,0,126,203
1256,91133,457896,Partner C,9/20/19,Saves,1,0,258,206
1248,91125,457896,Partner C,9/20/19,Saves,1,1,700,208
1249,91126,457896,Partner C,9/20/19,Saves,1,0,32,219
1285,91162,457896,Partner C,9/20/19,Saves,0,0,205,0
953,90830,3000,Partner C,9/20/19,Service,1,1,201,255
1296,91173,457896,Partner C,9/20/19,Saves,0,0,301,0
1291,91168,457896,Partner C,9/20/19,Saves,0,0,698,0
1238,91115,457896,Partner C,9/20/19,Saves,1,1,578,233
1257,91134,457896,Partner C,9/20/19,Saves,1,0,506,235
925,90802,3000,Partner C,9/20/19,Service,1,0,240,434
1250,91127,457896,Partner C,9/20/19,Saves,0,0,102,0
1237,91114,457896,Partner C,9/20/19,Saves,1,1,490,257
933,90810,3000,Partner C,9/20/19,Service,1,0,272,365
1254,91131,457896,Partner C,9/20/19,Saves,1,1,275,260
1272,91149,457896,Partner C,9/20/19,Saves,0,1,122,319
1277,91154,457896,Partner C,9/20/19,Saves,0,1,217,313
1300,91177,457896,Partner C,9/20/19,Saves,0,0,642,0
912,90789,3000,Partner C,9/20/19,Service,1,0,296,440
1293,91170,457896,Partner C,9/20/19,Saves,1,0,533,285
1243,91120,457896,Partner C,9/20/19,Saves,1,1,143,287
1241,91118,457896,Partner C,9/20/19,Saves,1,0,173,294
1283,91160,457896,Partner C,9/20/19,Saves,0,0,519,0
1299,91176,457896,Partner C,9/20/19,Saves,0,1,426,276
1234,91111,457896,Partner C,9/20/19,Saves,0,0,35,0
1292,91169,457896,Partner C,9/20/19,Saves,1,0,110,297
913,90790,3000,Partner C,9/20/19,Service,1,0,310,254
936,90813,3000,Partner C,9/20/19,Service,1,0,310,434
1265,91142,457896,Partner C,9/20/19,Saves,0,0,7,0
1284,91161,457896,Partner C,9/20/19,Saves,1,1,398,306
1261,91138,457896,Partner C,9/20/19,Saves,1,1,586,308
1262,91139,457896,Partner C,9/20/19,Saves,1,1,225,311
1242,91119,457896,Partner C,9/20/19,Saves,1,0,331,322
1245,91122,457896,Partner C,9/20/19,Saves,1,0,86,328
1240,91117,457896,Partner C,9/20/19,Saves,1,1,641,329
911,90788,3000,Partner C,9/20/19,Service,0,1,83,189
1298,91175,457896,Partner C,9/20/19,Saves,1,0,12,330
914,90791,3000,Partner C,9/20/19,Service,0,1,2,349
916,90793,3000,Partner C,9/20/19,Service,0,0,391,0
917,90794,3000,Partner C,9/20/19,Service,0,0,147,0
920,90797,3000,Partner C,9/20/19,Service,0,1,376,102
921,90798,3000,Partner C,9/20/19,Service,0,1,282,185
924,90801,3000,Partner C,9/20/19,Service,0,0,578,0
1286,91163,457896,Partner C,9/20/19,Saves,1,0,43,332
927,90804,3000,Partner C,9/20/19,Service,0,1,517,175
928,90805,3000,Partner C,9/20/19,Service,0,0,319,0
929,90806,3000,Partner C,9/20/19,Service,0,1,138,385
931,90808,3000,Partner C,9/20/19,Service,0,1,206,237
932,90809,3000,Partner C,9/20/19,Service,0,0,624,0
934,90811,3000,Partner C,9/20/19,Service,0,1,369,355
935,90812,3000,Partner C,9/20/19,Service,0,1,518,407
937,90814,3000,Partner C,9/20/19,Service,0,0,665,0
939,90816,3000,Partner C,9/20/19,Service,0,0,75,0
940,90817,3000,Partner C,9/20/19,Service,0,0,353,0
942,90819,3000,Partner C,9/20/19,Service,0,0,93,0
943,90820,3000,Partner C,9/20/19,Service,0,1,374,252
944,90821,3000,Partner C,9/20/19,Service,0,1,555,284
946,90823,3000,Partner C,9/20/19,Service,0,0,578,0
952,90829,3000,Partner C,9/20/19,Service,0,0,607,0
954,90831,3000,Partner C,9/20/19,Service,0,1,670,144
955,90832,3000,Partner C,9/20/19,Service,0,0,451,0
957,90834,3000,Partner C,9/20/19,Service,0,0,107,0
959,90836,3000,Partner C,9/20/19,Service,0,0,108,0
1290,91167,457896,Partner C,9/20/19,Saves,0,0,143,0
1273,91150,457896,Partner C,9/20/19,Saves,0,0,593,0
1275,91152,457896,Partner C,9/20/19,Saves,1,0,230,374
919,90796,3000,Partner C,9/20/19,Service,1,1,404,217
1258,91135,457896,Partner C,9/20/19,Saves,1,1,16,378
1251,91128,457896,Partner C,9/20/19,Saves,1,0,671,383
1252,91129,457896,Partner C,9/20/19,Saves,0,0,603,0
958,90835,3000,Partner C,9/20/19,Service,1,0,443,245
1255,91132,457896,Partner C,9/20/19,Saves,0,1,660,187
1287,91164,457896,Partner C,9/20/19,Saves,0,0,447,0
1269,91146,457896,Partner C,9/20/19,Saves,0,1,478,176
926,90803,3000,Partner C,9/20/19,Service,1,1,462,376
1253,91130,457896,Partner C,9/20/19,Saves,0,0,337,0
1279,91156,457896,Partner C,9/20/19,Saves,0,1,520,144
1267,91144,457896,Partner C,9/20/19,Saves,1,1,87,409
941,90818,3000,Partner C,9/20/19,Service,1,0,491,385
1270,91147,457896,Partner C,9/20/19,Saves,1,1,481,415
1278,91155,457896,Partner C,9/20/19,Saves,1,0,19,420
1281,91158,457896,Partner C,9/20/19,Saves,0,0,155,0
1276,91153,457896,Partner C,9/20/19,Saves,0,0,156,0
1295,91172,457896,Partner C,9/20/19,Saves,0,1,677,125
1282,91159,457896,Partner C,9/20/19,Saves,0,1,222,125
1259,91136,457896,Partner C,9/20/19,Saves,1,1,203,425
1236,91113,457896,Partner C,9/20/19,Saves,0,1,444,119
1297,91174,457896,Partner C,9/20/19,Saves,0,0,385,0
945,90822,3000,Partner C,9/20/19,Service,1,0,522,202
1263,91140,457896,Partner C,9/20/19,Saves,0,1,514,111
923,90800,3000,Partner C,9/20/19,Service,1,0,539,422
930,90807,3000,Partner C,9/20/19,Service,1,1,583,312
956,90833,3000,Partner C,9/20/19,Service,1,0,598,338
950,90827,3000,Partner C,9/20/19,Service,1,0,666,390
949,90826,3000,Partner C,9/20/19,Service,1,0,696,475
581,90458,2500,Partner B,9/15/19,Saves,1,1,319,202
585,90462,2500,Partner B,9/15/19,Saves,1,0,664,139
607,90484,2500,Partner B,9/15/19,Saves,1,0,692,146
602,90479,2500,Partner B,9/15/19,Saves,0,0,476,0
591,90468,2500,Partner B,9/15/19,Saves,1,1,614,189
600,90477,2500,Partner B,9/15/19,Saves,0,0,281,0
586,90463,2500,Partner B,9/15/19,Saves,0,0,30,0
587,90464,2500,Partner B,9/15/19,Saves,1,1,526,206
596,90473,2500,Partner B,9/15/19,Saves,1,1,135,226
589,90466,2500,Partner B,9/15/19,Saves,1,0,168,226
608,90485,2500,Partner B,9/15/19,Saves,0,0,213,0
579,90456,2500,Partner B,9/15/19,Saves,1,1,176,269
593,90470,2500,Partner B,9/15/19,Saves,1,1,318,277
598,90475,2500,Partner B,9/15/19,Saves,1,1,330,288
606,90483,2500,Partner B,9/15/19,Saves,0,0,360,0
605,90482,2500,Partner B,9/15/19,Saves,1,1,61,292
601,90478,2500,Partner B,9/15/19,Saves,0,1,667,273
594,90471,2500,Partner B,9/15/19,Saves,1,0,671,334
580,90457,2500,Partner B,9/15/19,Saves,1,0,388,341
582,90459,2500,Partner B,9/15/19,Saves,1,0,31,355
604,90481,2500,Partner B,9/15/19,Saves,1,1,270,367
603,90480,2500,Partner B,9/15/19,Saves,0,0,257,0
599,90476,2500,Partner B,9/15/19,Saves,0,1,646,192
592,90469,2500,Partner B,9/15/19,Saves,0,1,411,174
583,90460,2500,Partner B,9/15/19,Saves,0,1,284,173
588,90465,2500,Partner B,9/15/19,Saves,1,0,227,403
597,90474,2500,Partner B,9/15/19,Saves,0,0,266,0
595,90472,2500,Partner B,9/15/19,Saves,1,1,239,416
584,90461,2500,Partner B,9/15/19,Saves,1,1,432,416
590,90467,2500,Partner B,9/15/19,Saves,1,1,170,424
286,90163,9101,Partner A,9/10/19,Service,1,1,450,200
282,90159,9101,Partner A,9/10/19,Service,1,0,1,475
1117,90994,1500,Partner C,9/10/19,Saves,1,1,329,207
460,90337,99999,Partner A,9/10/19,Saves,1,0,285,207
469,90346,99999,Partner A,9/10/19,Saves,1,1,543,214
458,90335,99999,Partner A,9/10/19,Saves,1,1,366,215
270,90147,9101,Partner A,9/10/19,Service,1,1,27,380
1159,91036,1500,Partner C,9/10/19,Saves,1,1,531,318
470,90347,99999,Partner A,9/10/19,Saves,1,0,548,319
240,90117,9101,Partner A,9/10/19,Service,1,1,43,310
445,90322,99999,Partner A,9/10/19,Saves,1,1,306,127
1136,91013,1500,Partner C,9/10/19,Saves,1,1,19,129
237,90114,9101,Partner A,9/10/19,Service,0,0,182,0
238,90115,9101,Partner A,9/10/19,Service,0,1,541,177
239,90116,9101,Partner A,9/10/19,Service,0,0,19,0
241,90118,9101,Partner A,9/10/19,Service,0,1,566,364
242,90119,9101,Partner A,9/10/19,Service,0,1,127,141
245,90122,9101,Partner A,9/10/19,Service,0,1,286,448
246,90123,9101,Partner A,9/10/19,Service,0,1,431,247
247,90124,9101,Partner A,9/10/19,Service,0,1,206,326
250,90127,9101,Partner A,9/10/19,Service,0,1,434,344
252,90129,9101,Partner A,9/10/19,Service,0,1,540,114
254,90131,9101,Partner A,9/10/19,Service,0,1,310,187
255,90132,9101,Partner A,9/10/19,Service,0,1,266,287
256,90133,9101,Partner A,9/10/19,Service,0,1,689,348
257,90134,9101,Partner A,9/10/19,Service,0,1,428,415
258,90135,9101,Partner A,9/10/19,Service,0,1,520,201
259,90136,9101,Partner A,9/10/19,Service,0,1,84,408
261,90138,9101,Partner A,9/10/19,Service,0,0,534,0
262,90139,9101,Partner A,9/10/19,Service,0,0,221,0
263,90140,9101,Partner A,9/10/19,Service,0,1,189,385
264,90141,9101,Partner A,9/10/19,Service,0,1,202,338
267,90144,9101,Partner A,9/10/19,Service,0,0,359,0
268,90145,9101,Partner A,9/10/19,Service,0,0,655,0
272,90149,9101,Partner A,9/10/19,Service,0,0,480,0
273,90150,9101,Partner A,9/10/19,Service,0,0,159,0
276,90153,9101,Partner A,9/10/19,Service,0,0,532,0
277,90154,9101,Partner A,9/10/19,Service,0,0,286,0
280,90157,9101,Partner A,9/10/19,Service,0,0,597,0
283,90160,9101,Partner A,9/10/19,Service,0,0,645,0
284,90161,9101,Partner A,9/10/19,Service,0,0,8,0
285,90162,9101,Partner A,9/10/19,Service,0,1,113,244
253,90130,9101,Partner A,9/10/19,Service,1,0,64,380
472,90349,99999,Partner A,9/10/19,Saves,1,0,91,141
459,90336,99999,Partner A,9/10/19,Saves,1,1,680,142
1151,91028,1500,Partner C,9/10/19,Saves,1,0,440,147
1148,91025,1500,Partner C,9/10/19,Saves,1,1,462,156
1122,90999,1500,Partner C,9/10/19,Saves,1,0,130,162
265,90142,9101,Partner A,9/10/19,Service,1,1,215,403
1120,90997,1500,Partner C,9/10/19,Saves,1,1,202,168
278,90155,9101,Partner A,9/10/19,Service,1,0,225,396
1125,91002,1500,Partner C,9/10/19,Saves,1,1,695,171
1161,91038,1500,Partner C,9/10/19,Saves,1,1,423,181
452,90329,99999,Partner A,9/10/19,Saves,1,0,448,182
1152,91029,1500,Partner C,9/10/19,Saves,1,0,74,188
450,90327,99999,Partner A,9/10/19,Saves,1,1,681,188
1116,90993,1500,Partner C,9/10/19,Saves,1,1,31,190
468,90345,99999,Partner A,9/10/19,Saves,1,1,622,191
260,90137,9101,Partner A,9/10/19,Service,1,1,242,361
1142,91019,1500,Partner C,9/10/19,Saves,0,0,452,0
1130,91007,1500,Partner C,9/10/19,Saves,0,1,460,419
1113,90990,1500,Partner C,9/10/19,Saves,0,0,66,0
1162,91039,1500,Partner C,9/10/19,Saves,0,1,473,410
274,90151,9101,Partner A,9/10/19,Service,1,1,168,399
474,90351,99999,Partner A,9/10/19,Saves,1,1,356,207
1143,91020,1500,Partner C,9/10/19,Saves,0,1,232,375
447,90324,99999,Partner A,9/10/19,Saves,1,1,375,220
1139,91016,1500,Partner C,9/10/19,Saves,0,0,445,0
1111,90988,1500,Partner C,9/10/19,Saves,0,1,425,366
1133,91010,1500,Partner C,9/10/19,Saves,1,1,571,223
457,90334,99999,Partner A,9/10/19,Saves,1,0,329,224
1163,91040,1500,Partner C,9/10/19,Saves,1,1,198,226
1154,91031,1500,Partner C,9/10/19,Saves,0,1,520,358
1121,90998,1500,Partner C,9/10/19,Saves,1,0,397,228
1134,91011,1500,Partner C,9/10/19,Saves,1,1,619,239
271,90148,9101,Partner A,9/10/19,Service,1,1,251,443
1137,91014,1500,Partner C,9/10/19,Saves,1,1,696,243
249,90126,9101,Partner A,9/10/19,Service,1,0,257,349
244,90121,9101,Partner A,9/10/19,Service,1,0,268,321
454,90331,99999,Partner A,9/10/19,Saves,1,0,695,261
1119,90996,1500,Partner C,9/10/19,Saves,0,1,593,320
1123,91000,1500,Partner C,9/10/19,Saves,0,1,561,319
243,90120,9101,Partner A,9/10/19,Service,1,1,276,320
1156,91033,1500,Partner C,9/10/19,Saves,1,1,64,263
1128,91005,1500,Partner C,9/10/19,Saves,0,0,406,0
464,90341,99999,Partner A,9/10/19,Saves,1,0,201,269
456,90333,99999,Partner A,9/10/19,Saves,1,0,128,269
443,90320,99999,Partner A,9/10/19,Saves,1,0,639,274
1153,91030,1500,Partner C,9/10/19,Saves,0,1,149,303
1160,91037,1500,Partner C,9/10/19,Saves,1,0,364,287
449,90326,99999,Partner A,9/10/19,Saves,1,0,119,291
1118,90995,1500,Partner C,9/10/19,Saves,0,0,218,0
453,90330,99999,Partner A,9/10/19,Saves,1,0,304,295
451,90328,99999,Partner A,9/10/19,Saves,1,0,280,298
1158,91035,1500,Partner C,9/10/19,Saves,1,0,341,307
444,90321,99999,Partner A,9/10/19,Saves,1,1,83,307
467,90344,99999,Partner A,9/10/19,Saves,1,1,689,309
466,90343,99999,Partner A,9/10/19,Saves,1,0,346,309
279,90156,9101,Partner A,9/10/19,Service,1,1,331,366
1109,90986,1500,Partner C,9/10/19,Saves,1,1,338,316
1149,91026,1500,Partner C,9/10/19,Saves,1,0,444,323
1126,91003,1500,Partner C,9/10/19,Saves,1,0,258,324
465,90342,99999,Partner A,9/10/19,Saves,1,0,691,324
462,90339,99999,Partner A,9/10/19,Saves,1,0,14,328
461,90338,99999,Partner A,9/10/19,Saves,1,0,22,328
473,90350,99999,Partner A,9/10/19,Saves,1,1,284,330
1112,90989,1500,Partner C,9/10/19,Saves,1,0,494,333
269,90146,9101,Partner A,9/10/19,Service,1,0,351,240
1145,91022,1500,Partner C,9/10/19,Saves,1,0,26,338
266,90143,9101,Partner A,9/10/19,Service,1,1,352,408
248,90125,9101,Partner A,9/10/19,Service,1,1,354,357
1124,91001,1500,Partner C,9/10/19,Saves,1,0,18,347
1115,90992,1500,Partner C,9/10/19,Saves,0,0,268,0
1165,91042,1500,Partner C,9/10/19,Saves,1,0,487,349
1141,91018,1500,Partner C,9/10/19,Saves,0,1,503,263
442,90319,99999,Partner A,9/10/19,Saves,1,1,170,349
448,90325,99999,Partner A,9/10/19,Saves,1,0,219,350
1155,91032,1500,Partner C,9/10/19,Saves,0,1,620,248
1131,91008,1500,Partner C,9/10/19,Saves,1,1,260,362
1157,91034,1500,Partner C,9/10/19,Saves,1,0,575,365
1127,91004,1500,Partner C,9/10/19,Saves,1,1,206,381
471,90348,99999,Partner A,9/10/19,Saves,1,0,205,390
1132,91009,1500,Partner C,9/10/19,Saves,0,0,106,0
281,90158,9101,Partner A,9/10/19,Service,1,1,444,288
1164,91041,1500,Partner C,9/10/19,Saves,0,1,451,183
1138,91015,1500,Partner C,9/10/19,Saves,1,1,532,398
1114,90991,1500,Partner C,9/10/19,Saves,1,1,220,400
455,90332,99999,Partner A,9/10/19,Saves,1,0,499,400
1129,91006,1500,Partner C,9/10/19,Saves,1,0,208,406
1144,91021,1500,Partner C,9/10/19,Saves,0,0,530,0
1147,91024,1500,Partner C,9/10/19,Saves,0,0,94,0
275,90152,9101,Partner A,9/10/19,Service,1,1,491,312
1150,91027,1500,Partner C,9/10/19,Saves,0,0,142,0
1166,91043,1500,Partner C,9/10/19,Saves,0,1,308,139
1140,91017,1500,Partner C,9/10/19,Saves,1,1,258,414
1135,91012,1500,Partner C,9/10/19,Saves,0,0,365,0
1146,91023,1500,Partner C,9/10/19,Saves,1,1,562,424
1110,90987,1500,Partner C,9/10/19,Saves,1,0,160,424
463,90340,99999,Partner A,9/10/19,Saves,1,0,371,424
446,90323,99999,Partner A,9/10/19,Saves,1,0,205,424
287,90164,9101,Partner A,9/10/19,Service,1,0,549,201
251,90128,9101,Partner A,9/10/19,Service,1,0,580,389
288,90165,9101,Partner A,9/10/19,Service,1,1,632,219
236,90113,9101,Partner A,9/10/19,Service,1,1,673,433
189,90066,456,Partner A,9/1/19,Service,1,1,4,405
150,90027,456,Partner A,9/1/19,Service,0,1,53,288
154,90031,456,Partner A,9/1/19,Service,0,1,40,138
155,90032,456,Partner A,9/1/19,Service,0,1,599,262
156,90033,456,Partner A,9/1/19,Service,0,0,480,0
157,90034,456,Partner A,9/1/19,Service,0,0,476,0
158,90035,456,Partner A,9/1/19,Service,0,0,530,0
159,90036,456,Partner A,9/1/19,Service,0,0,572,0
160,90037,456,Partner A,9/1/19,Service,0,0,243,0
161,90038,456,Partner A,9/1/19,Service,0,0,457,0
162,90039,456,Partner A,9/1/19,Service,0,0,350,0
163,90040,456,Partner A,9/1/19,Service,0,0,624,0
167,90044,456,Partner A,9/1/19,Service,0,1,176,111
169,90046,456,Partner A,9/1/19,Service,0,1,234,202
175,90052,456,Partner A,9/1/19,Service,0,0,65,0
179,90056,456,Partner A,9/1/19,Service,0,1,184,408
647,90524,4625,Partner B,9/1/19,Saves,1,0,474,216
184,90061,456,Partner A,9/1/19,Service,0,0,396,0
186,90063,456,Partner A,9/1/19,Service,0,1,558,420
187,90064,456,Partner A,9/1/19,Service,0,0,671,0
191,90068,456,Partner A,9/1/19,Service,0,0,575,0
192,90069,456,Partner A,9/1/19,Service,0,0,150,0
609,90486,4625,Partner B,9/1/19,Saves,1,0,160,138
166,90043,456,Partner A,9/1/19,Service,1,1,78,204
656,90533,4625,Partner B,9/1/19,Saves,1,1,360,144
168,90045,456,Partner A,9/1/19,Service,1,1,86,408
628,90505,4625,Partner B,9/1/19,Saves,1,1,521,147
650,90527,4625,Partner B,9/1/19,Saves,1,0,243,162
183,90060,456,Partner A,9/1/19,Service,1,0,231,443
613,90490,4625,Partner B,9/1/19,Saves,1,1,366,187
642,90519,4625,Partner B,9/1/19,Saves,0,1,70,340
644,90521,4625,Partner B,9/1/19,Saves,1,1,697,194
635,90512,4625,Partner B,9/1/19,Saves,1,1,522,197
639,90516,4625,Partner B,9/1/19,Saves,0,0,636,0
626,90503,4625,Partner B,9/1/19,Saves,0,0,108,0
654,90531,4625,Partner B,9/1/19,Saves,0,0,351,0
636,90513,4625,Partner B,9/1/19,Saves,0,0,371,0
655,90532,4625,Partner B,9/1/19,Saves,0,0,138,0
614,90491,4625,Partner B,9/1/19,Saves,1,0,695,234
646,90523,4625,Partner B,9/1/19,Saves,0,1,18,327
631,90508,4625,Partner B,9/1/19,Saves,1,0,179,252
616,90493,4625,Partner B,9/1/19,Saves,1,0,191,255
634,90511,4625,Partner B,9/1/19,Saves,1,0,22,277
643,90520,4625,Partner B,9/1/19,Saves,1,1,173,281
640,90517,4625,Partner B,9/1/19,Saves,1,0,307,285
641,90518,4625,Partner B,9/1/19,Saves,0,0,426,0
622,90499,4625,Partner B,9/1/19,Saves,0,0,207,0
618,90495,4625,Partner B,9/1/19,Saves,0,1,532,278
638,90515,4625,Partner B,9/1/19,Saves,0,0,342,0
658,90535,4625,Partner B,9/1/19,Saves,1,1,616,311
174,90051,456,Partner A,9/1/19,Service,1,1,335,256
152,90029,456,Partner A,9/1/19,Service,1,1,336,381
651,90528,4625,Partner B,9/1/19,Saves,1,0,566,321
619,90496,4625,Partner B,9/1/19,Saves,1,1,448,326
630,90507,4625,Partner B,9/1/19,Saves,1,0,430,330
624,90501,4625,Partner B,9/1/19,Saves,1,1,419,332
617,90494,4625,Partner B,9/1/19,Saves,1,0,252,338
185,90062,456,Partner A,9/1/19,Service,1,1,357,298
620,90497,4625,Partner B,9/1/19,Saves,0,0,582,0
632,90509,4625,Partner B,9/1/19,Saves,1,0,204,354
645,90522,4625,Partner B,9/1/19,Saves,0,0,488,0
623,90500,4625,Partner B,9/1/19,Saves,1,0,422,360
612,90489,4625,Partner B,9/1/19,Saves,0,1,525,228
652,90529,4625,Partner B,9/1/19,Saves,1,0,294,371
153,90030,456,Partner A,9/1/19,Service,1,1,397,428
188,90065,456,Partner A,9/1/19,Service,1,1,401,436
172,90049,456,Partner A,9/1/19,Service,1,1,417,346
610,90487,4625,Partner B,9/1/19,Saves,0,0,63,0
637,90514,4625,Partner B,9/1/19,Saves,0,0,516,0
633,90510,4625,Partner B,9/1/19,Saves,1,0,396,391
615,90492,4625,Partner B,9/1/19,Saves,1,1,395,392
177,90054,456,Partner A,9/1/19,Service,1,0,442,206
621,90498,4625,Partner B,9/1/19,Saves,0,0,520,0
653,90530,4625,Partner B,9/1/19,Saves,0,0,208,0
657,90534,4625,Partner B,9/1/19,Saves,0,1,459,177
165,90042,456,Partner A,9/1/19,Service,1,1,455,316
629,90506,4625,Partner B,9/1/19,Saves,0,0,253,0
181,90058,456,Partner A,9/1/19,Service,1,0,472,401
649,90526,4625,Partner B,9/1/19,Saves,0,1,421,149
176,90053,456,Partner A,9/1/19,Service,1,1,476,391
648,90525,4625,Partner B,9/1/19,Saves,0,0,384,0
178,90055,456,Partner A,9/1/19,Service,1,0,504,269
611,90488,4625,Partner B,9/1/19,Saves,0,1,56,126
627,90504,4625,Partner B,9/1/19,Saves,0,0,25,0
164,90041,456,Partner A,9/1/19,Service,1,1,523,213
151,90028,456,Partner A,9/1/19,Service,1,1,527,437
182,90059,456,Partner A,9/1/19,Service,1,0,537,314
625,90502,4625,Partner B,9/1/19,Saves,0,1,582,101
180,90057,456,Partner A,9/1/19,Service,1,0,549,369
190,90067,456,Partner A,9/1/19,Service,1,1,581,295
170,90047,456,Partner A,9/1/19,Service,1,0,598,313
171,90048,456,Partner A,9/1/19,Service,1,0,605,434
173,90050,456,Partner A,9/1/19,Service,1,1,699,353
750,90627,7000,Partner B,8/2/19,Saves,0,1,402,203
796,90673,7000,Partner B,8/2/19,Saves,0,1,75,131
781,90658,7000,Partner B,8/2/19,Saves,0,1,545,140
771,90648,7000,Partner B,8/2/19,Saves,0,0,4,0
767,90644,7000,Partner B,8/2/19,Saves,0,0,679,0
756,90633,7000,Partner B,8/2/19,Saves,1,1,605,158
791,90668,7000,Partner B,8/2/19,Saves,1,0,179,170
743,90620,7000,Partner B,8/2/19,Saves,1,1,120,170
753,90630,7000,Partner B,8/2/19,Saves,0,0,694,0
770,90647,7000,Partner B,8/2/19,Saves,0,1,175,338
757,90634,7000,Partner B,8/2/19,Saves,1,0,242,195
787,90664,7000,Partner B,8/2/19,Saves,1,0,563,198
773,90650,7000,Partner B,8/2/19,Saves,1,0,96,210
769,90646,7000,Partner B,8/2/19,Saves,1,1,639,212
747,90624,7000,Partner B,8/2/19,Saves,1,0,470,216
765,90642,7000,Partner B,8/2/19,Saves,0,1,11,377
778,90655,7000,Partner B,8/2/19,Saves,0,0,103,0
751,90628,7000,Partner B,8/2/19,Saves,0,0,253,0
772,90649,7000,Partner B,8/2/19,Saves,0,0,3,0
788,90665,7000,Partner B,8/2/19,Saves,1,0,341,223
777,90654,7000,Partner B,8/2/19,Saves,0,0,449,0
748,90625,7000,Partner B,8/2/19,Saves,1,0,345,236
754,90631,7000,Partner B,8/2/19,Saves,1,0,327,239
795,90672,7000,Partner B,8/2/19,Saves,0,1,129,335
793,90670,7000,Partner B,8/2/19,Saves,0,1,345,333
774,90651,7000,Partner B,8/2/19,Saves,1,1,474,251
780,90657,7000,Partner B,8/2/19,Saves,0,1,588,323
779,90656,7000,Partner B,8/2/19,Saves,0,0,353,0
752,90629,7000,Partner B,8/2/19,Saves,0,0,424,0
789,90666,7000,Partner B,8/2/19,Saves,1,1,565,267
782,90659,7000,Partner B,8/2/19,Saves,1,1,125,276
742,90619,7000,Partner B,8/2/19,Saves,0,0,278,0
764,90641,7000,Partner B,8/2/19,Saves,0,1,3,281
744,90621,7000,Partner B,8/2/19,Saves,0,1,269,280
762,90639,7000,Partner B,8/2/19,Saves,1,1,304,295
792,90669,7000,Partner B,8/2/19,Saves,1,0,259,319
786,90663,7000,Partner B,8/2/19,Saves,1,1,168,328
784,90661,7000,Partner B,8/2/19,Saves,1,1,372,328
794,90671,7000,Partner B,8/2/19,Saves,1,0,223,330
785,90662,7000,Partner B,8/2/19,Saves,1,1,646,333
749,90626,7000,Partner B,8/2/19,Saves,0,1,181,268
758,90635,7000,Partner B,8/2/19,Saves,1,1,596,348
768,90645,7000,Partner B,8/2/19,Saves,1,0,412,349
745,90622,7000,Partner B,8/2/19,Saves,1,1,450,352
761,90638,7000,Partner B,8/2/19,Saves,1,1,687,362
760,90637,7000,Partner B,8/2/19,Saves,1,0,189,363
740,90617,7000,Partner B,8/2/19,Saves,1,1,275,369
766,90643,7000,Partner B,8/2/19,Saves,0,0,558,0
790,90667,7000,Partner B,8/2/19,Saves,1,0,262,392
775,90652,7000,Partner B,8/2/19,Saves,0,0,213,0
741,90618,7000,Partner B,8/2/19,Saves,0,1,493,186
746,90623,7000,Partner B,8/2/19,Saves,0,0,459,0
759,90636,7000,Partner B,8/2/19,Saves,1,1,596,399
755,90632,7000,Partner B,8/2/19,Saves,0,1,503,149
783,90660,7000,Partner B,8/2/19,Saves,1,0,146,408
763,90640,7000,Partner B,8/2/19,Saves,0,0,522,0
776,90653,7000,Partner B,8/2/19,Saves,0,1,76,134
495,90372,1000,Partner A,8/1/19,Saves,0,1,432,213
514,90391,1000,Partner A,8/1/19,Saves,0,0,466,0
477,90354,1000,Partner A,8/1/19,Saves,1,1,78,216
527,90404,1000,Partner A,8/1/19,Saves,1,1,432,126
541,90418,1000,Partner A,8/1/19,Saves,1,0,203,129
549,90426,1000,Partner A,8/1/19,Saves,1,1,178,132
481,90358,1000,Partner A,8/1/19,Saves,1,1,446,132
534,90411,1000,Partner A,8/1/19,Saves,1,0,260,138
510,90387,1000,Partner A,8/1/19,Saves,1,0,686,141
516,90393,1000,Partner A,8/1/19,Saves,1,0,338,149
544,90421,1000,Partner A,8/1/19,Saves,1,0,622,150
531,90408,1000,Partner A,8/1/19,Saves,1,0,51,150
482,90359,1000,Partner A,8/1/19,Saves,1,0,155,161
493,90370,1000,Partner A,8/1/19,Saves,1,1,205,164
563,90440,1000,Partner A,8/1/19,Saves,1,0,57,166
540,90417,1000,Partner A,8/1/19,Saves,1,1,373,167
500,90377,1000,Partner A,8/1/19,Saves,1,0,216,177
513,90390,1000,Partner A,8/1/19,Saves,1,1,361,179
528,90405,1000,Partner A,8/1/19,Saves,0,1,579,339
519,90396,1000,Partner A,8/1/19,Saves,0,1,489,337
503,90380,1000,Partner A,8/1/19,Saves,0,1,299,422
562,90439,1000,Partner A,8/1/19,Saves,1,0,524,198
532,90409,1000,Partner A,8/1/19,Saves,1,0,20,198
480,90357,1000,Partner A,8/1/19,Saves,1,0,622,200
529,90406,1000,Partner A,8/1/19,Saves,1,0,667,201
542,90419,1000,Partner A,8/1/19,Saves,0,0,224,0
568,90445,1000,Partner A,8/1/19,Saves,1,0,128,205
547,90424,1000,Partner A,8/1/19,Saves,1,0,363,207
550,90427,1000,Partner A,8/1/19,Saves,0,0,518,0
560,90437,1000,Partner A,8/1/19,Saves,1,0,13,214
539,90416,1000,Partner A,8/1/19,Saves,0,0,398,0
501,90378,1000,Partner A,8/1/19,Saves,0,1,540,378
504,90381,1000,Partner A,8/1/19,Saves,1,0,235,222
476,90353,1000,Partner A,8/1/19,Saves,1,0,9,222
565,90442,1000,Partner A,8/1/19,Saves,0,1,609,368
511,90388,1000,Partner A,8/1/19,Saves,1,1,390,224
572,90449,1000,Partner A,8/1/19,Saves,1,1,463,225
475,90352,1000,Partner A,8/1/19,Saves,1,0,350,230
577,90454,1000,Partner A,8/1/19,Saves,0,1,96,352
564,90441,1000,Partner A,8/1/19,Saves,0,1,580,350
555,90432,1000,Partner A,8/1/19,Saves,0,1,533,344
491,90368,1000,Partner A,8/1/19,Saves,1,0,37,236
554,90431,1000,Partner A,8/1/19,Saves,0,1,114,330
545,90422,1000,Partner A,8/1/19,Saves,1,1,472,246
487,90364,1000,Partner A,8/1/19,Saves,1,1,237,251
553,90430,1000,Partner A,8/1/19,Saves,0,1,510,325
488,90365,1000,Partner A,8/1/19,Saves,1,0,304,254
499,90376,1000,Partner A,8/1/19,Saves,1,0,311,256
525,90402,1000,Partner A,8/1/19,Saves,1,1,226,262
520,90397,1000,Partner A,8/1/19,Saves,1,1,376,262
537,90414,1000,Partner A,8/1/19,Saves,1,0,72,265
483,90360,1000,Partner A,8/1/19,Saves,1,1,294,265
557,90434,1000,Partner A,8/1/19,Saves,1,0,429,275
502,90379,1000,Partner A,8/1/19,Saves,0,1,122,306
524,90401,1000,Partner A,8/1/19,Saves,1,1,537,277
551,90428,1000,Partner A,8/1/19,Saves,1,0,178,285
489,90366,1000,Partner A,8/1/19,Saves,1,1,485,290
570,90447,1000,Partner A,8/1/19,Saves,1,0,106,293
494,90371,1000,Partner A,8/1/19,Saves,1,1,630,293
498,90375,1000,Partner A,8/1/19,Saves,1,0,22,296
518,90395,1000,Partner A,8/1/19,Saves,0,0,674,0
576,90453,1000,Partner A,8/1/19,Saves,1,0,118,298
578,90455,1000,Partner A,8/1/19,Saves,0,1,153,269
508,90385,1000,Partner A,8/1/19,Saves,1,0,369,314
515,90392,1000,Partner A,8/1/19,Saves,1,1,584,316
492,90369,1000,Partner A,8/1/19,Saves,1,0,85,320
479,90356,1000,Partner A,8/1/19,Saves,1,1,270,327
538,90415,1000,Partner A,8/1/19,Saves,1,1,334,330
485,90362,1000,Partner A,8/1/19,Saves,1,1,403,331
561,90438,1000,Partner A,8/1/19,Saves,1,1,666,332
573,90450,1000,Partner A,8/1/19,Saves,1,0,541,333
566,90443,1000,Partner A,8/1/19,Saves,1,1,11,335
523,90400,1000,Partner A,8/1/19,Saves,1,1,520,340
497,90374,1000,Partner A,8/1/19,Saves,1,1,540,340
535,90412,1000,Partner A,8/1/19,Saves,1,0,428,348
484,90361,1000,Partner A,8/1/19,Saves,1,0,544,349
559,90436,1000,Partner A,8/1/19,Saves,1,0,367,354
517,90394,1000,Partner A,8/1/19,Saves,0,1,108,251
543,90420,1000,Partner A,8/1/19,Saves,1,0,457,355
478,90355,1000,Partner A,8/1/19,Saves,1,0,28,364
548,90425,1000,Partner A,8/1/19,Saves,0,1,584,231
521,90398,1000,Partner A,8/1/19,Saves,0,1,383,230
486,90363,1000,Partner A,8/1/19,Saves,1,0,455,373
567,90444,1000,Partner A,8/1/19,Saves,1,1,4,377
558,90435,1000,Partner A,8/1/19,Saves,1,0,14,379
546,90423,1000,Partner A,8/1/19,Saves,0,0,595,0
522,90399,1000,Partner A,8/1/19,Saves,0,0,107,0
506,90383,1000,Partner A,8/1/19,Saves,1,0,20,389
574,90451,1000,Partner A,8/1/19,Saves,0,1,223,199
505,90382,1000,Partner A,8/1/19,Saves,1,0,345,390
569,90446,1000,Partner A,8/1/19,Saves,0,0,640,0
536,90413,1000,Partner A,8/1/19,Saves,0,1,274,196
512,90389,1000,Partner A,8/1/19,Saves,1,0,650,397
533,90410,1000,Partner A,8/1/19,Saves,1,1,18,400
571,90448,1000,Partner A,8/1/19,Saves,0,1,13,173
507,90384,1000,Partner A,8/1/19,Saves,1,1,571,402
496,90373,1000,Partner A,8/1/19,Saves,1,0,312,405
526,90403,1000,Partner A,8/1/19,Saves,0,1,167,154
556,90433,1000,Partner A,8/1/19,Saves,1,0,380,407
552,90429,1000,Partner A,8/1/19,Saves,1,1,176,413
530,90407,1000,Partner A,8/1/19,Saves,0,1,692,126
509,90386,1000,Partner A,8/1/19,Saves,0,0,269,0
490,90367,1000,Partner A,8/1/19,Saves,1,1,81,425
575,90452,1000,Partner A,8/1/19,Saves,0,0,507,0
230,90107,789,Partner A,6/1/19,Service,1,1,33,245
193,90070,789,Partner A,6/1/19,Service,0,1,307,176
197,90074,789,Partner A,6/1/19,Service,1,0,192,325
202,90079,789,Partner A,6/1/19,Service,0,1,604,418
203,90080,789,Partner A,6/1/19,Service,1,0,612,214
204,90081,789,Partner A,6/1/19,Service,0,1,271,393
205,90082,789,Partner A,6/1/19,Service,1,0,593,129
207,90084,789,Partner A,6/1/19,Service,0,1,587,385
209,90086,789,Partner A,6/1/19,Service,0,0,565,0
211,90088,789,Partner A,6/1/19,Service,0,1,635,222
212,90089,789,Partner A,6/1/19,Service,0,1,243,179
213,90090,789,Partner A,6/1/19,Service,0,0,241,0
215,90092,789,Partner A,6/1/19,Service,0,0,60,0
218,90095,789,Partner A,6/1/19,Service,0,0,308,0
221,90098,789,Partner A,6/1/19,Service,0,1,484,253
222,90099,789,Partner A,6/1/19,Service,0,1,582,190
223,90100,789,Partner A,6/1/19,Service,0,0,381,0
225,90102,789,Partner A,6/1/19,Service,0,0,698,0
226,90103,789,Partner A,6/1/19,Service,0,0,667,0
229,90106,789,Partner A,6/1/19,Service,0,1,29,332
233,90110,789,Partner A,6/1/19,Service,0,1,506,216
234,90111,789,Partner A,6/1/19,Service,0,0,531,0
235,90112,789,Partner A,6/1/19,Service,0,1,645,358
228,90105,789,Partner A,6/1/19,Service,1,1,242,298
227,90104,789,Partner A,6/1/19,Service,1,1,308,271
199,90076,789,Partner A,6/1/19,Service,1,0,308,328
195,90072,789,Partner A,6/1/19,Service,1,0,346,315
232,90109,789,Partner A,6/1/19,Service,1,1,350,192
216,90093,789,Partner A,6/1/19,Service,1,1,362,353
219,90096,789,Partner A,6/1/19,Service,1,1,375,445
198,90075,789,Partner A,6/1/19,Service,1,1,416,294
206,90083,789,Partner A,6/1/19,Service,1,1,450,426
220,90097,789,Partner A,6/1/19,Service,1,1,453,359
201,90078,789,Partner A,6/1/19,Service,1,0,554,284
231,90108,789,Partner A,6/1/19,Service,1,1,564,438
200,90077,789,Partner A,6/1/19,Service,1,1,590,378
194,90071,789,Partner A,6/1/19,Service,0,1,606,310
208,90085,789,Partner A,6/1/19,Service,0,1,635,397
214,90091,789,Partner A,6/1/19,Service,0,1,640,313
196,90073,789,Partner A,6/1/19,Service,1,0,645,314
217,90094,789,Partner A,6/1/19,Service,1,0,679,263
224,90101,789,Partner A,6/1/19,Service,1,1,685,233
210,90087,789,Partner A,6/1/19,Service,1,0,688,211
124,90001,123,Partner A,5/1/19,Service,0,1,609,172
126,90003,123,Partner A,5/1/19,Service,0,0,683,0
127,90004,123,Partner A,5/1/19,Service,0,0,696,0
131,90008,123,Partner A,5/1/19,Service,0,1,540,447
135,90012,123,Partner A,5/1/19,Service,0,0,461,0
136,90013,123,Partner A,5/1/19,Service,0,1,481,253
123,90000,123,Partner A,5/1/19,Service,1,1,11,223
145,90022,123,Partner A,5/1/19,Service,0,1,681,169
146,90023,123,Partner A,5/1/19,Service,0,1,477,418
147,90024,123,Partner A,5/1/19,Service,0,1,679,268
148,90025,123,Partner A,5/1/19,Service,0,1,325,443
129,90006,123,Partner A,5/1/19,Service,1,0,213,244
142,90019,123,Partner A,5/1/19,Service,1,1,245,227
149,90026,123,Partner A,5/1/19,Service,1,1,205,380
140,90017,123,Partner A,5/1/19,Service,1,0,337,326
139,90016,123,Partner A,5/1/19,Service,1,0,386,213
132,90009,123,Partner A,5/1/19,Service,1,0,416,246
125,90002,123,Partner A,5/1/19,Service,1,1,420,417
130,90007,123,Partner A,5/1/19,Service,1,0,461,395
138,90015,123,Partner A,5/1/19,Service,1,0,463,255
143,90020,123,Partner A,5/1/19,Service,1,1,507,230
137,90014,123,Partner A,5/1/19,Service,1,1,510,216
133,90010,123,Partner A,5/1/19,Service,1,0,515,321
134,90011,123,Partner A,5/1/19,Service,1,0,526,268
141,90018,123,Partner A,5/1/19,Service,1,0,534,280
144,90021,123,Partner A,5/1/19,Service,1,0,596,206
128,90005,123,Partner A,5/1/19,Service,1,1,679,188
703,90580,5900,Partner B,4/2/19,Saves,1,0,110,215
662,90539,5900,Partner B,4/2/19,Saves,1,0,34,241
687,90564,5900,Partner B,4/2/19,Saves,1,0,185,317
685,90562,5900,Partner B,4/2/19,Saves,1,0,493,322
702,90579,5900,Partner B,4/2/19,Saves,1,1,552,186
681,90558,5900,Partner B,4/2/19,Saves,0,1,656,422
694,90571,5900,Partner B,4/2/19,Saves,0,0,106,0
690,90567,5900,Partner B,4/2/19,Saves,0,1,336,385
699,90576,5900,Partner B,4/2/19,Saves,0,0,554,0
704,90581,5900,Partner B,4/2/19,Saves,1,1,697,217
686,90563,5900,Partner B,4/2/19,Saves,0,1,174,377
700,90577,5900,Partner B,4/2/19,Saves,1,0,300,233
682,90559,5900,Partner B,4/2/19,Saves,0,1,457,335
683,90560,5900,Partner B,4/2/19,Saves,1,1,447,240
689,90566,5900,Partner B,4/2/19,Saves,1,0,18,242
701,90578,5900,Partner B,4/2/19,Saves,1,1,463,244
680,90557,5900,Partner B,4/2/19,Saves,1,0,617,254
660,90537,5900,Partner B,4/2/19,Saves,0,1,365,163
661,90538,5900,Partner B,4/2/19,Saves,0,1,89,258
663,90540,5900,Partner B,4/2/19,Saves,0,0,407,0
664,90541,5900,Partner B,4/2/19,Saves,0,1,497,212
666,90543,5900,Partner B,4/2/19,Saves,0,1,387,380
667,90544,5900,Partner B,4/2/19,Saves,0,0,196,0
668,90545,5900,Partner B,4/2/19,Saves,1,0,698,233
669,90546,5900,Partner B,4/2/19,Saves,1,0,515,279
671,90548,5900,Partner B,4/2/19,Saves,1,0,272,315
674,90551,5900,Partner B,4/2/19,Saves,0,1,268,193
676,90553,5900,Partner B,4/2/19,Saves,0,1,649,393
677,90554,5900,Partner B,4/2/19,Saves,1,0,112,251
678,90555,5900,Partner B,4/2/19,Saves,0,0,189,0
679,90556,5900,Partner B,4/2/19,Saves,0,0,689,0
697,90574,5900,Partner B,4/2/19,Saves,0,0,432,0
696,90573,5900,Partner B,4/2/19,Saves,0,1,409,315
673,90550,5900,Partner B,4/2/19,Saves,1,1,321,423
693,90570,5900,Partner B,4/2/19,Saves,1,0,599,338
695,90572,5900,Partner B,4/2/19,Saves,1,0,-197,358
688,90565,5900,Partner B,4/2/19,Saves,0,1,694,242
670,90547,5900,Partner B,4/2/19,Saves,1,0,427,419
659,90536,5900,Partner B,4/2/19,Saves,1,0,439,305
684,90561,5900,Partner B,4/2/19,Saves,0,1,617,193
698,90575,5900,Partner B,4/2/19,Saves,0,0,249,0
665,90542,5900,Partner B,4/2/19,Saves,1,0,468,426
692,90569,5900,Partner B,4/2/19,Saves,0,1,85,120
691,90568,5900,Partner B,4/2/19,Saves,0,0,221,0
672,90549,5900,Partner B,4/2/19,Saves,1,1,651,441
675,90552,5900,Partner B,4/2/19,Saves,1,0,654,189
305,90182,1600,Partner A,4/1/19,Service,1,0,8,237
438,90315,1600,Partner A,4/1/19,Service,1,1,13,418
320,90197,1600,Partner A,4/1/19,Service,1,0,18,334
304,90181,1600,Partner A,4/1/19,Service,1,1,31,421
434,90311,1600,Partner A,4/1/19,Service,1,0,39,317
384,90261,1600,Partner A,4/1/19,Service,1,1,46,195
313,90190,1600,Partner A,4/1/19,Service,1,0,53,197
363,90240,1600,Partner A,4/1/19,Service,1,0,54,444
414,90291,1600,Partner A,4/1/19,Service,1,0,64,318
290,90167,1600,Partner A,4/1/19,Service,0,0,36,0
291,90168,1600,Partner A,4/1/19,Service,0,0,292,0
293,90170,1600,Partner A,4/1/19,Service,0,0,489,0
295,90172,1600,Partner A,4/1/19,Service,1,0,578,214
297,90174,1600,Partner A,4/1/19,Service,1,0,561,412
347,90224,1600,Partner A,4/1/19,Service,1,0,80,219
300,90177,1600,Partner A,4/1/19,Service,1,0,557,317
302,90179,1600,Partner A,4/1/19,Service,0,0,168,0
303,90180,1600,Partner A,4/1/19,Service,0,0,301,0
306,90183,1600,Partner A,4/1/19,Service,0,0,234,0
307,90184,1600,Partner A,4/1/19,Service,0,1,347,176
308,90185,1600,Partner A,4/1/19,Service,0,0,563,0
309,90186,1600,Partner A,4/1/19,Service,0,1,492,136
317,90194,1600,Partner A,4/1/19,Service,0,0,526,0
318,90195,1600,Partner A,4/1/19,Service,0,0,263,0
301,90178,1600,Partner A,4/1/19,Service,1,1,89,265
322,90199,1600,Partner A,4/1/19,Service,0,1,359,155
323,90200,1600,Partner A,4/1/19,Service,0,1,288,259
324,90201,1600,Partner A,4/1/19,Service,0,0,325,0
327,90204,1600,Partner A,4/1/19,Service,0,1,275,424
328,90205,1600,Partner A,4/1/19,Service,0,1,560,431
331,90208,1600,Partner A,4/1/19,Service,0,0,319,0
332,90209,1600,Partner A,4/1/19,Service,0,0,698,0
334,90211,1600,Partner A,4/1/19,Service,0,1,179,392
337,90214,1600,Partner A,4/1/19,Service,0,1,271,239
419,90296,1600,Partner A,4/1/19,Service,0,0,100,0
339,90216,1600,Partner A,4/1/19,Service,0,1,75,351
416,90293,1600,Partner A,4/1/19,Service,0,0,102,0
357,90234,1600,Partner A,4/1/19,Service,1,0,209,273
344,90221,1600,Partner A,4/1/19,Service,0,0,40,0
345,90222,1600,Partner A,4/1/19,Service,0,0,468,0
346,90223,1600,Partner A,4/1/19,Service,0,1,176,274
351,90228,1600,Partner A,4/1/19,Service,1,0,209,391
348,90225,1600,Partner A,4/1/19,Service,0,1,402,270
349,90226,1600,Partner A,4/1/19,Service,0,1,676,214
311,90188,1600,Partner A,4/1/19,Service,1,0,210,239
338,90215,1600,Partner A,4/1/19,Service,1,0,212,313
356,90233,1600,Partner A,4/1/19,Service,0,1,683,239
359,90236,1600,Partner A,4/1/19,Service,0,1,416,195
364,90241,1600,Partner A,4/1/19,Service,0,1,132,349
367,90244,1600,Partner A,4/1/19,Service,0,0,520,0
369,90246,1600,Partner A,4/1/19,Service,0,1,368,426
370,90247,1600,Partner A,4/1/19,Service,0,1,130,442
340,90217,1600,Partner A,4/1/19,Service,1,1,215,277
372,90249,1600,Partner A,4/1/19,Service,0,1,393,175
373,90250,1600,Partner A,4/1/19,Service,0,1,239,250
375,90252,1600,Partner A,4/1/19,Service,0,1,289,152
376,90253,1600,Partner A,4/1/19,Service,0,0,623,0
379,90256,1600,Partner A,4/1/19,Service,0,0,296,0
382,90259,1600,Partner A,4/1/19,Service,0,0,246,0
385,90262,1600,Partner A,4/1/19,Service,0,1,336,136
388,90265,1600,Partner A,4/1/19,Service,0,0,649,0
389,90266,1600,Partner A,4/1/19,Service,0,1,35,389
390,90267,1600,Partner A,4/1/19,Service,0,0,469,0
391,90268,1600,Partner A,4/1/19,Service,0,0,254,0
393,90270,1600,Partner A,4/1/19,Service,0,1,517,190
396,90273,1600,Partner A,4/1/19,Service,0,1,389,106
398,90275,1600,Partner A,4/1/19,Service,0,0,264,0
399,90276,1600,Partner A,4/1/19,Service,0,0,514,0
401,90278,1600,Partner A,4/1/19,Service,0,0,302,0
404,90281,1600,Partner A,4/1/19,Service,0,0,669,0
352,90229,1600,Partner A,4/1/19,Service,1,0,223,376
392,90269,1600,Partner A,4/1/19,Service,1,0,235,296
408,90285,1600,Partner A,4/1/19,Service,1,1,11,262
410,90287,1600,Partner A,4/1/19,Service,1,1,349,200
412,90289,1600,Partner A,4/1/19,Service,1,1,692,191
413,90290,1600,Partner A,4/1/19,Service,1,1,166,226
417,90294,1600,Partner A,4/1/19,Service,1,0,28,250
418,90295,1600,Partner A,4/1/19,Service,1,0,115,350
420,90297,1600,Partner A,4/1/19,Service,0,1,530,427
422,90299,1600,Partner A,4/1/19,Service,0,1,686,211
423,90300,1600,Partner A,4/1/19,Service,0,1,168,294
424,90301,1600,Partner A,4/1/19,Service,0,1,201,259
425,90302,1600,Partner A,4/1/19,Service,0,1,475,379
426,90303,1600,Partner A,4/1/19,Service,0,1,560,166
427,90304,1600,Partner A,4/1/19,Service,0,1,92,217
428,90305,1600,Partner A,4/1/19,Service,0,1,656,360
429,90306,1600,Partner A,4/1/19,Service,0,0,351,0
430,90307,1600,Partner A,4/1/19,Service,0,0,412,0
432,90309,1600,Partner A,4/1/19,Service,0,1,57,257
437,90314,1600,Partner A,4/1/19,Service,0,1,280,210
440,90317,1600,Partner A,4/1/19,Service,0,1,680,152
341,90218,1600,Partner A,4/1/19,Service,1,1,246,220
394,90271,1600,Partner A,4/1/19,Service,1,1,442,232
294,90171,1600,Partner A,4/1/19,Service,1,0,159,398
336,90213,1600,Partner A,4/1/19,Service,1,1,164,217
353,90230,1600,Partner A,4/1/19,Service,1,1,186,389
316,90193,1600,Partner A,4/1/19,Service,1,0,187,417
296,90173,1600,Partner A,4/1/19,Service,1,0,207,351
421,90298,1600,Partner A,4/1/19,Service,1,1,237,210
387,90264,1600,Partner A,4/1/19,Service,1,1,254,328
330,90207,1600,Partner A,4/1/19,Service,1,1,267,341
378,90255,1600,Partner A,4/1/19,Service,1,1,279,198
333,90210,1600,Partner A,4/1/19,Service,1,1,282,230
409,90286,1600,Partner A,4/1/19,Service,1,0,288,287
407,90284,1600,Partner A,4/1/19,Service,1,0,291,271
406,90283,1600,Partner A,4/1/19,Service,1,0,292,388
439,90316,1600,Partner A,4/1/19,Service,1,1,318,385
289,90166,1600,Partner A,4/1/19,Service,1,0,320,394
310,90187,1600,Partner A,4/1/19,Service,1,0,332,416
355,90232,1600,Partner A,4/1/19,Service,1,1,343,401
350,90227,1600,Partner A,4/1/19,Service,1,0,347,280
411,90288,1600,Partner A,4/1/19,Service,1,0,352,183
400,90277,1600,Partner A,4/1/19,Service,1,1,354,376
298,90175,1600,Partner A,4/1/19,Service,1,1,355,342
343,90220,1600,Partner A,4/1/19,Service,1,1,357,297
435,90312,1600,Partner A,4/1/19,Service,1,1,366,274
431,90308,1600,Partner A,4/1/19,Service,1,0,367,237
395,90272,1600,Partner A,4/1/19,Service,1,1,374,422
358,90235,1600,Partner A,4/1/19,Service,1,1,377,402
403,90280,1600,Partner A,4/1/19,Service,1,1,382,429
380,90257,1600,Partner A,4/1/19,Service,1,0,385,436
381,90258,1600,Partner A,4/1/19,Service,1,1,386,436
360,90237,1600,Partner A,4/1/19,Service,1,0,391,337
314,90191,1600,Partner A,4/1/19,Service,1,1,402,421
299,90176,1600,Partner A,4/1/19,Service,1,0,417,281
441,90318,1600,Partner A,4/1/19,Service,1,1,419,230
397,90274,1600,Partner A,4/1/19,Service,1,1,422,408
312,90189,1600,Partner A,4/1/19,Service,1,0,431,259
321,90198,1600,Partner A,4/1/19,Service,1,1,438,267
436,90313,1600,Partner A,4/1/19,Service,1,1,441,354
342,90219,1600,Partner A,4/1/19,Service,1,0,442,290
329,90206,1600,Partner A,4/1/19,Service,1,0,447,451
383,90260,1600,Partner A,4/1/19,Service,1,0,462,343
325,90202,1600,Partner A,4/1/19,Service,1,0,475,368
377,90254,1600,Partner A,4/1/19,Service,1,1,476,240
386,90263,1600,Partner A,4/1/19,Service,1,1,483,475
315,90192,1600,Partner A,4/1/19,Service,1,0,524,448
326,90203,1600,Partner A,4/1/19,Service,1,0,527,278
368,90245,1600,Partner A,4/1/19,Service,1,0,527,390
319,90196,1600,Partner A,4/1/19,Service,1,1,531,260
362,90239,1600,Partner A,4/1/19,Service,1,1,538,196
433,90310,1600,Partner A,4/1/19,Service,1,0,540,406
374,90251,1600,Partner A,4/1/19,Service,1,1,542,186
292,90169,1600,Partner A,4/1/19,Service,1,0,553,408
402,90279,1600,Partner A,4/1/19,Service,1,0,558,195
361,90238,1600,Partner A,4/1/19,Service,1,0,583,408
366,90243,1600,Partner A,4/1/19,Service,1,1,585,396
354,90231,1600,Partner A,4/1/19,Service,1,1,597,333
415,90292,1600,Partner A,4/1/19,Service,1,0,648,354
365,90242,1600,Partner A,4/1/19,Service,1,1,656,232
371,90248,1600,Partner A,4/1/19,Service,1,0,668,295
405,90282,1600,Partner A,4/1/19,Service,1,0,672,185
335,90212,1600,Partner A,4/1/19,Service,1,0,690,400
1394,5790830,3814,Partner C,9/1/19,Technical Support,0,1,15,0
1385,3642681,3814,Partner C,9/1/19,Technical Support,0,0,58,0
1382,3872411,3814,Partner C,9/1/19,Technical Support,0,1,84,183
1378,10393852,3814,Partner C,9/1/19,Technical Support,0,1,105,437
1380,6588242,3814,Partner C,9/1/19,Technical Support,0,0,421,0
1393,6237029,3814,Partner C,9/1/19,Technical Support,0,0,441,0
1396,9121350,3814,Partner C,9/1/19,Technical Support,0,1,442,374
1390,3123554,3814,Partner C,9/1/19,Technical Support,0,1,359,290
1395,5852271,3814,Partner C,9/1/19,Technical Support,0,1,864,420
1386,604330,3814,Partner C,9/1/19,Technical Support,1,1,468,355
1381,4722118,3814,Partner C,9/1/19,Technical Support,1,0,491,305
1387,5216407,3814,Partner C,9/1/19,Technical Support,0,1,98,114
1391,11099749,3814,Partner C,9/1/19,Technical Support,0,0,321,0
1384,9559131,3814,Partner C,9/1/19,Technical Support,0,1,668,190
1383,572259,3814,Partner C,9/1/19,Technical Support,1,1,601,451
1375,10225884,3814,Partner C,9/1/19,Technical Support,0,0,99,0
1388,10791139,3814,Partner C,9/1/19,Technical Support,0,1,297,272
1389,7072820,3814,Partner C,9/1/19,Technical Support,0,0,251,0
1397,4399921,3814,Partner C,9/1/19,Technical Support,1,1,639,418
1399,7127229,3814,Partner C,9/1/19,Technical Support,0,0,62,0
1376,9358636,3814,Partner C,9/1/19,Technical Support,0,0,81,0
1392,3447453,3814,Partner C,9/1/19,Technical Support,0,1,199,400
1377,7089773,3814,Partner C,9/1/19,Technical Support,0,0,20,0
1379,560600,3814,Partner C,9/1/19,Technical Support,1,1,685,237
1398,1073488,3814,Partner C,9/1/19,Technical Support,0,1,686,438
1021,90898,2456,Partner C,3/4/19,Saves,1,0,492,203
1056,90933,9777,Partner C,3/4/19,Saves,1,0,520,212
1008,90885,2456,Partner C,3/4/19,Saves,1,1,130,123
1070,90947,9777,Partner C,3/4/19,Saves,1,0,546,124
1031,90908,2456,Partner C,3/4/19,Saves,1,1,354,137
1017,90894,2456,Partner C,3/4/19,Saves,1,1,111,149
1020,90897,2456,Partner C,3/4/19,Saves,1,1,311,163
1041,90918,9777,Partner C,3/4/19,Saves,1,0,300,168
1049,90926,9777,Partner C,3/4/19,Saves,1,1,559,172
1011,90888,2456,Partner C,3/4/19,Saves,1,1,474,178
1065,90942,9777,Partner C,3/4/19,Saves,1,0,294,183
1035,90912,2456,Partner C,3/4/19,Saves,1,0,462,251
1047,90924,9777,Partner C,3/4/19,Saves,1,0,679,191
1009,90886,2456,Partner C,3/4/19,Saves,0,1,663,419
1072,90949,9777,Partner C,3/4/19,Saves,0,1,271,417
1063,90940,9777,Partner C,3/4/19,Saves,1,0,420,201
1007,90884,2456,Partner C,3/4/19,Saves,1,0,101,187
1013,90890,2456,Partner C,3/4/19,Saves,1,0,333,208
1039,90916,2456,Partner C,3/4/19,Saves,1,1,621,209
1030,90907,2456,Partner C,3/4/19,Saves,1,0,402,210
1061,90938,9777,Partner C,3/4/19,Saves,0,1,390,393
1043,90920,9777,Partner C,3/4/19,Saves,1,1,131,218
1019,90896,2456,Partner C,3/4/19,Saves,1,0,462,226
1018,90895,2456,Partner C,3/4/19,Saves,0,0,91,0
1010,90887,2456,Partner C,3/4/19,Saves,0,0,627,0
1026,90903,2456,Partner C,3/4/19,Saves,0,0,268,0
1024,90901,2456,Partner C,3/4/19,Saves,1,1,100,264
1051,90928,9777,Partner C,3/4/19,Saves,1,1,81,275
1034,90911,2456,Partner C,3/4/19,Saves,1,0,241,275
1064,90941,9777,Partner C,3/4/19,Saves,0,1,36,293
1028,90905,2456,Partner C,3/4/19,Saves,1,1,539,294
1062,90939,9777,Partner C,3/4/19,Saves,1,1,587,296
1053,90930,9777,Partner C,3/4/19,Saves,0,1,394,268
1029,90906,2456,Partner C,3/4/19,Saves,1,1,355,301
1032,90909,2456,Partner C,3/4/19,Saves,1,0,382,305
1027,90904,2456,Partner C,3/4/19,Saves,1,1,462,321
1074,90951,9777,Partner C,3/4/19,Saves,1,1,232,322
1067,90944,9777,Partner C,3/4/19,Saves,1,1,363,328
1069,90946,9777,Partner C,3/4/19,Saves,1,0,506,330
1058,90935,9777,Partner C,3/4/19,Saves,1,0,488,332
1016,90893,2456,Partner C,3/4/19,Saves,1,1,65,334
1059,90936,9777,Partner C,3/4/19,Saves,1,0,421,340
1012,90889,2456,Partner C,3/4/19,Saves,1,0,410,340
1073,90950,9777,Partner C,3/4/19,Saves,1,1,451,343
1036,90913,2456,Partner C,3/4/19,Saves,1,0,372,344
1060,90937,9777,Partner C,3/4/19,Saves,1,0,405,352
1052,90929,9777,Partner C,3/4/19,Saves,1,0,638,358
1015,90892,2456,Partner C,3/4/19,Saves,1,0,443,359
1055,90932,9777,Partner C,3/4/19,Saves,1,1,17,362
1025,90902,2456,Partner C,3/4/19,Saves,0,0,234,0
1057,90934,9777,Partner C,3/4/19,Saves,1,0,671,372
1046,90923,9777,Partner C,3/4/19,Saves,1,0,136,365
1042,90919,9777,Partner C,3/4/19,Saves,1,0,515,384
1037,90914,2456,Partner C,3/4/19,Saves,1,0,453,450
1045,90922,9777,Partner C,3/4/19,Saves,1,1,318,388
1071,90948,9777,Partner C,3/4/19,Saves,1,0,484,390
1054,90931,9777,Partner C,3/4/19,Saves,1,0,15,396
1023,90900,2456,Partner C,3/4/19,Saves,1,0,207,365
1040,90917,2456,Partner C,3/4/19,Saves,1,0,323,214
1044,90921,9777,Partner C,3/4/19,Saves,1,1,41,151
1014,90891,2456,Partner C,3/4/19,Saves,1,1,462,407
1050,90927,9777,Partner C,3/4/19,Saves,1,0,242,417
1048,90925,9777,Partner C,3/4/19,Saves,1,0,47,316
1033,90910,2456,Partner C,3/4/19,Saves,0,1,326,133
1022,90899,2456,Partner C,3/4/19,Saves,1,1,201,421
1066,90943,9777,Partner C,3/4/19,Saves,0,1,394,119
1068,90945,9777,Partner C,3/4/19,Saves,0,1,529,118
1038,90915,2456,Partner C,3/4/19,Saves,0,1,696,109
888,90765,2600,Partner C,2/6/19,Service,1,1,36,218
894,90771,2600,Partner C,2/6/19,Service,1,0,46,413
908,90785,2600,Partner C,2/6/19,Service,1,1,53,386
860,90737,2600,Partner C,2/6/19,Service,1,0,58,332
897,90774,2600,Partner C,2/6/19,Service,1,1,214,205
892,90769,2600,Partner C,2/6/19,Service,1,0,345,381
859,90736,2600,Partner C,2/6/19,Service,1,0,2420,431
857,90734,2600,Partner C,2/6/19,Service,1,0,239,447
901,90778,2600,Partner C,2/6/19,Service,1,0,185,363
865,90742,2600,Partner C,2/6/19,Service,1,0,192,445
896,90773,2600,Partner C,2/6/19,Service,1,0,213,246
884,90761,2600,Partner C,2/6/19,Service,1,1,272,419
906,90783,2600,Partner C,2/6/19,Service,1,0,310,235
878,90755,2600,Partner C,2/6/19,Service,1,1,317,194
854,90731,2600,Partner C,2/6/19,Service,0,1,66,311
856,90733,2600,Partner C,2/6/19,Service,0,1,226,301
858,90735,2600,Partner C,2/6/19,Service,0,0,561,0
861,90738,2600,Partner C,2/6/19,Service,0,0,310,0
862,90739,2600,Partner C,2/6/19,Service,0,0,262,0
863,90740,2600,Partner C,2/6/19,Service,0,0,224,0
864,90741,2600,Partner C,2/6/19,Service,0,1,74,227
866,90743,2600,Partner C,2/6/19,Service,0,0,415,0
867,90744,2600,Partner C,2/6/19,Service,0,0,524,0
868,90745,2600,Partner C,2/6/19,Service,0,0,316,0
871,90748,2600,Partner C,2/6/19,Service,0,1,321,343
872,90749,2600,Partner C,2/6/19,Service,0,0,422,0
874,90751,2600,Partner C,2/6/19,Service,1,0,618,181
875,90752,2600,Partner C,2/6/19,Service,0,1,547,290
876,90753,2600,Partner C,2/6/19,Service,0,1,574,329
879,90756,2600,Partner C,2/6/19,Service,0,1,222,204
881,90758,2600,Partner C,2/6/19,Service,0,1,638,330
883,90760,2600,Partner C,2/6/19,Service,1,0,233,326
910,90787,2600,Partner C,2/6/19,Service,1,1,346,463
885,90762,2600,Partner C,2/6/19,Service,0,0,425,0
887,90764,2600,Partner C,2/6/19,Service,1,0,352,176
889,90766,2600,Partner C,2/6/19,Service,0,0,362,0
890,90767,2600,Partner C,2/6/19,Service,0,1,461,144
891,90768,2600,Partner C,2/6/19,Service,0,1,436,203
893,90770,2600,Partner C,2/6/19,Service,1,0,243,121
895,90772,2600,Partner C,2/6/19,Service,1,0,337,413
899,90776,2600,Partner C,2/6/19,Service,1,1,328,263
900,90777,2600,Partner C,2/6/19,Service,1,0,350,113
902,90779,2600,Partner C,2/6/19,Service,1,1,418,435
903,90780,2600,Partner C,2/6/19,Service,1,1,560,124
905,90782,2600,Partner C,2/6/19,Service,1,0,4,318
907,90784,2600,Partner C,2/6/19,Service,0,1,11,341
877,90754,2600,Partner C,2/6/19,Service,1,1,347,192
886,90763,2600,Partner C,2/6/19,Service,1,1,347,260
904,90781,2600,Partner C,2/6/19,Service,1,1,436,397
870,90747,2600,Partner C,2/6/19,Service,1,1,454,233
855,90732,2600,Partner C,2/6/19,Service,1,1,475,238
880,90757,2600,Partner C,2/6/19,Service,1,1,536,357
873,90750,2600,Partner C,2/6/19,Service,1,1,567,214
909,90786,2600,Partner C,2/6/19,Service,1,0,589,407
882,90759,2600,Partner C,2/6/19,Service,1,1,618,335
869,90746,2600,Partner C,2/6/19,Service,1,0,628,406
898,90775,2600,Partner C,2/6/19,Service,1,1,684,351
1354,10974283,6623,Partner C,2/1/19,Technical Support,1,1,2,385
1351,1294625,6623,Partner C,2/1/19,Technical Support,1,0,43,337
1358,1979721,6623,Partner C,2/1/19,Technical Support,1,1,180,297
1361,8502351,6623,Partner C,2/1/19,Technical Support,1,1,424,334
1353,2491202,6623,Partner C,2/1/19,Technical Support,1,0,424,304
1349,8732863,6623,Partner C,2/1/19,Technical Support,1,0,366,312
1370,3684911,6623,Partner C,2/1/19,Technical Support,1,0,693,216
1368,5148443,6623,Partner C,2/1/19,Technical Support,1,1,345,255
1363,9749859,6623,Partner C,2/1/19,Technical Support,1,1,465,444
1366,3165323,6623,Partner C,2/1/19,Technical Support,1,1,514,418
1346,1218567,6623,Partner C,2/1/19,Technical Support,1,0,555,376
1355,3898300,6623,Partner C,2/1/19,Technical Support,0,1,196,128
1348,8746062,6623,Partner C,2/1/19,Technical Support,0,0,670,0
1373,8265192,6623,Partner C,2/1/19,Technical Support,1,0,563,262
1367,1665344,6623,Partner C,2/1/19,Technical Support,0,1,350,149
1371,3005384,6623,Partner C,2/1/19,Technical Support,0,0,621,0
1350,10854935,6623,Partner C,2/1/19,Technical Support,0,0,581,0
1352,8514143,6623,Partner C,2/1/19,Technical Support,0,1,139,195
1359,8786465,6623,Partner C,2/1/19,Technical Support,1,1,612,482
1365,4986337,6623,Partner C,2/1/19,Technical Support,1,1,635,305
1372,10968177,6623,Partner C,2/1/19,Technical Support,1,0,644,223
1369,8678563,6623,Partner C,2/1/19,Technical Support,0,1,326,333
1356,5352058,6623,Partner C,2/1/19,Technical Support,1,1,644,363
1347,3433730,6623,Partner C,2/1/19,Technical Support,0,0,202,0
1357,1678944,6623,Partner C,2/1/19,Technical Support,0,0,550,0
1362,9320768,6623,Partner C,2/1/19,Technical Support,0,0,661,0
1360,4362681,6623,Partner C,2/1/19,Technical Support,1,1,658,232
1345,8626043,6623,Partner C,2/1/19,Technical Support,0,0,313,0
1374,1647456,6623,Partner C,2/1/19,Technical Support,0,0,485,0
1364,5020078,6623,Partner C,2/1/19,Technical Support,0,1,316,424
1414,9840510,2149,Partner C,1/1/19,Technical Support,1,0,12,306
1418,3376297,2149,Partner C,1/1/19,Technical Support,1,1,25,281
1426,3761338,2149,Partner C,1/1/19,Technical Support,1,1,58,287
1402,651129,2149,Partner C,1/1/19,Technical Support,1,0,71,332
1430,9443945,2149,Partner C,1/1/19,Technical Support,1,0,168,373
1434,2967081,2149,Partner C,1/1/19,Technical Support,1,1,242,365
1419,4286483,2149,Partner C,1/1/19,Technical Support,1,0,876,399
1406,10145485,2149,Partner C,1/1/19,Technical Support,1,1,879,335
1429,3748661,2149,Partner C,1/1/19,Technical Support,1,1,346,434
1424,9939106,2149,Partner C,1/1/19,Technical Support,1,1,421,241
1411,6445552,2149,Partner C,1/1/19,Technical Support,1,0,442,399
1412,8338076,2149,Partner C,1/1/19,Technical Support,1,0,471,227
1423,5797648,2149,Partner C,1/1/19,Technical Support,1,0,496,444
1432,2869292,2149,Partner C,1/1/19,Technical Support,1,0,75,386
1420,1831953,2149,Partner C,1/1/19,Technical Support,1,0,649,323
1404,7995066,2149,Partner C,1/1/19,Technical Support,0,1,160,148
1408,1125411,2149,Partner C,1/1/19,Technical Support,0,1,639,151
1422,3239573,2149,Partner C,1/1/19,Technical Support,0,1,121,180
1427,957366,2149,Partner C,1/1/19,Technical Support,0,1,30,183
1410,4679901,2149,Partner C,1/1/19,Technical Support,0,0,508,0
1433,4100106,2149,Partner C,1/1/19,Technical Support,0,1,101,200
1428,8745029,2149,Partner C,1/1/19,Technical Support,1,1,593,382
1400,4804061,2149,Partner C,1/1/19,Technical Support,1,0,603,413
1403,10884699,2149,Partner C,1/1/19,Technical Support,1,0,603,420
1416,3846082,2149,Partner C,1/1/19,Technical Support,0,1,260,249
1435,6744585,2149,Partner C,1/1/19,Technical Support,0,0,619,0
1415,4603595,2149,Partner C,1/1/19,Technical Support,1,0,634,212
1425,10687995,2149,Partner C,1/1/19,Technical Support,0,1,126,275
1421,4478882,2149,Partner C,1/1/19,Technical Support,0,1,145,284
1407,1771324,2149,Partner C,1/1/19,Technical Support,0,0,616,0
1401,4728386,2149,Partner C,1/1/19,Technical Support,1,1,635,239
1409,4743407,2149,Partner C,1/1/19,Technical Support,1,1,295,368
1405,2798246,2149,Partner C,1/1/19,Technical Support,0,0,605,0
1431,5100518,2149,Partner C,1/1/19,Technical Support,0,1,238,385
1417,2797212,2149,Partner C,1/1/19,Technical Support,0,1,390,395
1413,11025639,2149,Partner C,1/1/19,Technical Support,1,1,686,327
1329,2159481,3173,Partner C,10/15/18,Technical Support,1,0,181,223
1331,8244207,3173,Partner C,10/15/18,Technical Support,1,0,313,289
1337,2810651,3173,Partner C,10/15/18,Technical Support,1,1,974,426
1321,9078172,3173,Partner C,10/15/18,Technical Support,1,1,330,272
1328,6724235,3173,Partner C,10/15/18,Technical Support,1,0,370,258
1333,4107219,3173,Partner C,10/15/18,Technical Support,1,1,444,401
1340,10860737,3173,Partner C,10/15/18,Technical Support,1,1,515,370
1325,9887235,3173,Partner C,10/15/18,Technical Support,0,0,644,0
1343,5101511,3173,Partner C,10/15/18,Technical Support,0,0,42,0
1326,222206,3173,Partner C,10/15/18,Technical Support,0,0,461,0
1323,7042400,3173,Partner C,10/15/18,Technical Support,1,0,613,223
1324,6634449,3173,Partner C,10/15/18,Technical Support,0,0,604,0
1342,8726816,3173,Partner C,10/15/18,Technical Support,1,1,154,300
1332,1482998,3173,Partner C,10/15/18,Technical Support,1,0,639,238
1344,6413449,3173,Partner C,10/15/18,Technical Support,1,0,455,400
1322,3541402,3173,Partner C,10/15/18,Technical Support,1,0,588,250
1338,5194363,3173,Partner C,10/15/18,Technical Support,1,1,201,318
1339,10344544,3173,Partner C,10/15/18,Technical Support,0,1,5,345
1327,6682121,3173,Partner C,10/15/18,Technical Support,1,0,617,400
1320,9530622,3173,Partner C,10/15/18,Technical Support,0,0,680,0
1335,755815,3173,Partner C,10/15/18,Technical Support,0,0,50,0
1334,5408449,3173,Partner C,10/15/18,Technical Support,1,0,677,352
1330,1752655,3173,Partner C,10/15/18,Technical Support,0,0,245,0
1341,9444490,3173,Partner C,10/15/18,Technical Support,0,0,22,0
1336,3408671,3173,Partner C,10/15/18,Technical Support,0,1,451,441
1097,90974,4879,Partner C,3/2/18,Saves,1,0,200,204
1075,90952,4879,Partner C,3/2/18,Saves,1,0,302,213
1076,90953,4879,Partner C,3/2/18,Saves,1,0,193,135
1108,90985,4879,Partner C,3/2/18,Saves,1,1,100,136
1088,90965,4879,Partner C,3/2/18,Saves,1,1,135,150
1093,90970,4879,Partner C,3/2/18,Saves,1,0,378,179
1081,90958,4879,Partner C,3/2/18,Saves,1,0,120,152
1078,90955,4879,Partner C,3/2/18,Saves,0,1,482,417
1091,90968,4879,Partner C,3/2/18,Saves,1,1,44,203
1096,90973,4879,Partner C,3/2/18,Saves,1,0,256,215
1085,90962,4879,Partner C,3/2/18,Saves,1,1,492,222
1100,90977,4879,Partner C,3/2/18,Saves,0,1,283,371
1105,90982,4879,Partner C,3/2/18,Saves,0,1,673,367
1101,90978,4879,Partner C,3/2/18,Saves,0,1,349,361
1099,90976,4879,Partner C,3/2/18,Saves,0,0,37,0
1102,90979,4879,Partner C,3/2/18,Saves,0,1,404,341
1092,90969,4879,Partner C,3/2/18,Saves,1,0,639,254
1079,90956,4879,Partner C,3/2/18,Saves,1,1,290,256
1082,90959,4879,Partner C,3/2/18,Saves,1,0,101,162
1104,90981,4879,Partner C,3/2/18,Saves,1,1,541,291
1107,90984,4879,Partner C,3/2/18,Saves,1,1,381,323
1094,90971,4879,Partner C,3/2/18,Saves,1,1,256,328
1090,90967,4879,Partner C,3/2/18,Saves,1,1,26,329
1098,90975,4879,Partner C,3/2/18,Saves,1,1,323,330
1089,90966,4879,Partner C,3/2/18,Saves,1,0,169,309
1077,90954,4879,Partner C,3/2/18,Saves,0,1,372,233
1083,90960,4879,Partner C,3/2/18,Saves,1,0,430,305
1103,90980,4879,Partner C,3/2/18,Saves,1,1,42,381
1086,90963,4879,Partner C,3/2/18,Saves,1,1,248,184
1087,90964,4879,Partner C,3/2/18,Saves,0,1,316,180
1080,90957,4879,Partner C,3/2/18,Saves,1,1,220,405
1106,90983,4879,Partner C,3/2/18,Saves,1,1,233,406
1095,90972,4879,Partner C,3/2/18,Saves,0,0,590,0
1084,90961,4879,Partner C,3/2/18,Saves,0,1,171,100
1227,91104,48596,Partner C,3/11/17,Saves,1,0,17,334
1204,91081,48596,Partner C,3/10/17,Saves,1,1,689,100
1176,91053,48596,Partner C,3/10/17,Saves,1,1,162,211
1188,91065,48596,Partner C,3/10/17,Saves,1,1,213,213
1226,91103,48596,Partner C,3/10/17,Saves,1,0,574,321
1232,91109,48596,Partner C,3/10/17,Saves,1,0,276,133
1209,91086,48596,Partner C,3/10/17,Saves,1,1,141,135
1213,91090,48596,Partner C,3/10/17,Saves,1,1,599,137
1182,91059,48596,Partner C,3/10/17,Saves,1,1,277,141
1191,91068,48596,Partner C,3/10/17,Saves,1,0,444,145
1224,91101,48596,Partner C,3/10/17,Saves,1,0,642,155
1219,91096,48596,Partner C,3/10/17,Saves,1,1,248,173
1183,91060,48596,Partner C,3/10/17,Saves,0,1,574,341
1230,91107,48596,Partner C,3/10/17,Saves,0,0,106,0
1180,91057,48596,Partner C,3/10/17,Saves,0,1,101,332
1174,91051,48596,Partner C,3/10/17,Saves,1,1,559,196
1214,91091,48596,Partner C,3/10/17,Saves,1,1,165,198
1212,91089,48596,Partner C,3/10/17,Saves,1,1,44,199
1202,91079,48596,Partner C,3/10/17,Saves,0,1,144,409
1193,91070,48596,Partner C,3/10/17,Saves,0,1,613,409
1171,91048,48596,Partner C,3/10/17,Saves,1,0,359,215
1222,91099,48596,Partner C,3/10/17,Saves,0,1,522,384
1216,91093,48596,Partner C,3/10/17,Saves,1,0,110,217
1231,91108,48596,Partner C,3/10/17,Saves,1,0,175,111
1225,91102,48596,Partner C,3/10/17,Saves,0,1,414,374
1223,91100,48596,Partner C,3/10/17,Saves,0,1,222,358
1218,91095,48596,Partner C,3/10/17,Saves,1,1,588,234
1177,91054,48596,Partner C,3/10/17,Saves,1,0,661,159
1197,91074,48596,Partner C,3/10/17,Saves,1,0,214,236
1195,91072,48596,Partner C,3/10/17,Saves,1,1,130,244
1190,91067,48596,Partner C,3/10/17,Saves,1,0,28,248
1192,91069,48596,Partner C,3/10/17,Saves,1,0,547,254
1169,91046,48596,Partner C,3/10/17,Saves,1,1,586,325
1179,91056,48596,Partner C,3/10/17,Saves,1,1,108,260
1207,91084,48596,Partner C,3/10/17,Saves,1,1,539,320
1208,91085,48596,Partner C,3/10/17,Saves,1,1,133,262
1170,91047,48596,Partner C,3/10/17,Saves,1,1,555,280
1196,91073,48596,Partner C,3/10/17,Saves,0,1,615,287
1178,91055,48596,Partner C,3/10/17,Saves,1,0,351,350
1211,91088,48596,Partner C,3/10/17,Saves,1,0,59,273
1167,91044,48596,Partner C,3/10/17,Saves,1,1,102,302
1175,91052,48596,Partner C,3/10/17,Saves,1,1,689,305
1199,91076,48596,Partner C,3/10/17,Saves,1,0,620,314
1201,91078,48596,Partner C,3/10/17,Saves,1,0,421,319
1184,91061,48596,Partner C,3/10/17,Saves,1,1,288,326
1215,91092,48596,Partner C,3/10/17,Saves,1,0,479,333
1206,91083,48596,Partner C,3/10/17,Saves,1,1,51,345
1233,91110,48596,Partner C,3/10/17,Saves,0,1,589,264
1189,91066,48596,Partner C,3/10/17,Saves,1,0,133,349
1173,91050,48596,Partner C,3/10/17,Saves,1,0,208,350
1229,91106,48596,Partner C,3/10/17,Saves,0,1,462,245
1187,91064,48596,Partner C,3/10/17,Saves,1,0,343,359
1221,91098,48596,Partner C,3/10/17,Saves,0,0,184,0
1203,91080,48596,Partner C,3/10/17,Saves,1,0,634,363
1185,91062,48596,Partner C,3/10/17,Saves,0,1,297,232
1194,91071,48596,Partner C,3/10/17,Saves,0,1,548,216
1228,91105,48596,Partner C,3/10/17,Saves,0,1,264,206
1200,91077,48596,Partner C,3/10/17,Saves,0,1,657,178
1198,91075,48596,Partner C,3/10/17,Saves,0,1,504,173
1220,91097,48596,Partner C,3/10/17,Saves,1,1,56,172
1186,91063,48596,Partner C,3/10/17,Saves,0,1,64,161
1210,91087,48596,Partner C,3/10/17,Saves,1,0,334,232
1217,91094,48596,Partner C,3/10/17,Saves,1,0,617,354
1205,91082,48596,Partner C,3/10/17,Saves,1,0,301,407
1172,91049,48596,Partner C,3/10/17,Saves,0,1,183,143
1181,91058,48596,Partner C,3/10/17,Saves,0,0,630,0
1168,91045,48596,Partner C,3/10/17,Saves,1,0,696,417
1446,7905907,4647,Partner C,2/15/17,Technical Support,1,1,62,383
1451,10058924,4647,Partner C,2/15/17,Technical Support,1,1,1414,279
1456,7383348,4647,Partner C,2/15/17,Technical Support,1,0,970,304
1468,1953658,4647,Partner C,2/15/17,Technical Support,1,1,866,280
1467,4408811,4647,Partner C,2/15/17,Technical Support,1,0,325,425
1457,9910411,4647,Partner C,2/15/17,Technical Support,1,1,351,201
1455,10971606,4647,Partner C,2/15/17,Technical Support,1,0,361,322
1459,509299,4647,Partner C,2/15/17,Technical Support,1,1,463,344
1453,2421676,4647,Partner C,2/15/17,Technical Support,1,1,476,390
1465,8322950,4647,Partner C,2/15/17,Technical Support,1,1,499,329
1445,7392560,4647,Partner C,2/15/17,Technical Support,1,0,511,235
1442,4045795,4647,Partner C,2/15/17,Technical Support,0,1,653,115
1462,6048316,4647,Partner C,2/15/17,Technical Support,0,0,633,0
1439,3020730,4647,Partner C,2/15/17,Technical Support,0,0,240,0
1436,6930971,4647,Partner C,2/15/17,Technical Support,0,1,205,137
1454,347476,4647,Partner C,2/15/17,Technical Support,1,0,587,380
1452,10404994,4647,Partner C,2/15/17,Technical Support,0,0,107,0
1444,847400,4647,Partner C,2/15/17,Technical Support,1,1,506,175
1448,2861011,4647,Partner C,2/15/17,Technical Support,1,0,592,433
1458,3394791,4647,Partner C,2/15/17,Technical Support,1,0,170,210
1460,6809487,4647,Partner C,2/15/17,Technical Support,1,1,609,284
1441,10622400,4647,Partner C,2/15/17,Technical Support,1,0,431,450
1447,7232930,4647,Partner C,2/15/17,Technical Support,1,0,121,229
1466,3254850,4647,Partner C,2/15/17,Technical Support,1,1,86,279
1443,9900783,4647,Partner C,2/15/17,Technical Support,1,0,651,278
1463,7147123,4647,Partner C,2/15/17,Technical Support,0,1,524,323
1449,10548163,4647,Partner C,2/15/17,Technical Support,1,0,237,315
1450,294190,4647,Partner C,2/15/17,Technical Support,1,0,645,227
1440,1505395,4647,Partner C,2/15/17,Technical Support,0,1,684,358
1464,222323,4647,Partner C,2/15/17,Technical Support,0,1,532,388
1438,1161323,4647,Partner C,2/15/17,Technical Support,0,0,61,0
1437,9548958,4647,Partner C,2/15/17,Technical Support,0,1,203,425
1461,9836778,4647,Partner C,2/15/17,Technical Support,0,1,668,439
816,90693,8500,Partner B,2/8/17,Service,1,0,23,277
848,90725,8500,Partner B,2/8/17,Service,1,1,59,336
827,90704,8500,Partner B,2/8/17,Service,1,0,94,205
817,90694,8500,Partner B,2/8/17,Service,1,0,224,342
839,90716,8500,Partner B,2/8/17,Service,1,1,232,252
845,90722,8500,Partner B,2/8/17,Service,1,0,424,259
822,90699,8500,Partner B,2/8/17,Service,1,1,163,261
807,90684,8500,Partner B,2/8/17,Service,1,1,190,451
808,90685,8500,Partner B,2/8/17,Service,1,1,190,432
843,90720,8500,Partner B,2/8/17,Service,1,1,191,265
846,90723,8500,Partner B,2/8/17,Service,1,0,270,346
835,90712,8500,Partner B,2/8/17,Service,1,1,283,346
829,90706,8500,Partner B,2/8/17,Service,1,0,292,367
842,90719,8500,Partner B,2/8/17,Service,1,0,297,442
837,90714,8500,Partner B,2/8/17,Service,1,0,302,235
828,90705,8500,Partner B,2/8/17,Service,1,0,307,326
797,90674,8500,Partner B,2/8/17,Service,0,0,434,0
798,90675,8500,Partner B,2/8/17,Service,0,1,246,382
800,90677,8500,Partner B,2/8/17,Service,0,1,123,150
804,90681,8500,Partner B,2/8/17,Service,0,1,133,259
805,90682,8500,Partner B,2/8/17,Service,0,1,446,127
810,90687,8500,Partner B,2/8/17,Service,0,1,506,352
811,90688,8500,Partner B,2/8/17,Service,0,0,533,0
813,90690,8500,Partner B,2/8/17,Service,0,1,267,189
818,90695,8500,Partner B,2/8/17,Service,1,0,173,297
820,90697,8500,Partner B,2/8/17,Service,0,1,545,313
824,90701,8500,Partner B,2/8/17,Service,1,0,246,131
825,90702,8500,Partner B,2/8/17,Service,0,1,572,179
826,90703,8500,Partner B,2/8/17,Service,0,1,31,401
830,90707,8500,Partner B,2/8/17,Service,0,1,443,102
831,90708,8500,Partner B,2/8/17,Service,0,1,256,194
832,90709,8500,Partner B,2/8/17,Service,1,0,185,344
836,90713,8500,Partner B,2/8/17,Service,1,0,159,356
844,90721,8500,Partner B,2/8/17,Service,0,1,40,206
847,90724,8500,Partner B,2/8/17,Service,0,1,76,312
849,90726,8500,Partner B,2/8/17,Service,1,0,32,176
850,90727,8500,Partner B,2/8/17,Service,0,0,216,0
851,90728,8500,Partner B,2/8/17,Service,0,1,442,384
852,90729,8500,Partner B,2/8/17,Service,0,0,690,0
809,90686,8500,Partner B,2/8/17,Service,1,0,363,192
812,90689,8500,Partner B,2/8/17,Service,1,1,363,229
838,90715,8500,Partner B,2/8/17,Service,1,0,368,394
802,90679,8500,Partner B,2/8/17,Service,1,1,375,408
821,90698,8500,Partner B,2/8/17,Service,1,0,380,317
841,90718,8500,Partner B,2/8/17,Service,1,0,382,401
853,90730,8500,Partner B,2/8/17,Service,1,0,420,321
801,90678,8500,Partner B,2/8/17,Service,1,1,430,375
799,90676,8500,Partner B,2/8/17,Service,1,0,496,208
834,90711,8500,Partner B,2/8/17,Service,1,1,497,252
814,90691,8500,Partner B,2/8/17,Service,1,0,511,320
819,90696,8500,Partner B,2/8/17,Service,1,1,544,443
833,90710,8500,Partner B,2/8/17,Service,1,1,571,223
823,90700,8500,Partner B,2/8/17,Service,1,0,611,407
803,90680,8500,Partner B,2/8/17,Service,1,1,621,206
840,90717,8500,Partner B,2/8/17,Service,1,1,629,413
806,90683,8500,Partner B,2/8/17,Service,1,1,678,350
815,90692,8500,Partner B,2/8/17,Service,1,0,686,265
719,90596,6300,Partner B,2/4/17,Service,1,0,10,219
727,90604,6300,Partner B,2/4/17,Service,1,0,532,187
738,90615,6300,Partner B,2/4/17,Service,0,0,163,0
728,90605,6300,Partner B,2/4/17,Service,0,0,547,0
737,90614,6300,Partner B,2/4/17,Service,1,0,68,240
735,90612,6300,Partner B,2/4/17,Service,0,0,295,0
706,90583,6300,Partner B,2/4/17,Service,1,1,662,241
708,90585,6300,Partner B,2/4/17,Service,0,1,189,214
709,90586,6300,Partner B,2/4/17,Service,1,0,289,397
713,90590,6300,Partner B,2/4/17,Service,0,1,359,204
714,90591,6300,Partner B,2/4/17,Service,0,0,333,0
716,90593,6300,Partner B,2/4/17,Service,0,0,308,0
718,90595,6300,Partner B,2/4/17,Service,1,0,133,111
721,90598,6300,Partner B,2/4/17,Service,0,1,555,136
723,90600,6300,Partner B,2/4/17,Service,1,0,670,333
725,90602,6300,Partner B,2/4/17,Service,0,0,660,0
733,90610,6300,Partner B,2/4/17,Service,1,1,640,277
732,90609,6300,Partner B,2/4/17,Service,1,0,33,388
734,90611,6300,Partner B,2/4/17,Service,0,0,443,0
726,90603,6300,Partner B,2/4/17,Service,1,0,100,337
739,90616,6300,Partner B,2/4/17,Service,1,0,474,207
731,90608,6300,Partner B,2/4/17,Service,0,1,232,222
736,90613,6300,Partner B,2/4/17,Service,1,0,411,375
729,90606,6300,Partner B,2/4/17,Service,0,1,619,215
717,90594,6300,Partner B,2/4/17,Service,1,1,464,258
730,90607,6300,Partner B,2/4/17,Service,0,0,379,0
724,90601,6300,Partner B,2/4/17,Service,1,0,496,316
710,90587,6300,Partner B,2/4/17,Service,1,0,564,369
705,90582,6300,Partner B,2/4/17,Service,1,0,575,272
720,90597,6300,Partner B,2/4/17,Service,1,0,623,432
722,90599,6300,Partner B,2/4/17,Service,1,1,645,443
712,90589,6300,Partner B,2/4/17,Service,1,1,656,198
707,90584,6300,Partner B,2/4/17,Service,1,1,669,187
711,90588,6300,Partner B,2/4/17,Service,1,1,672,407
715,90592,6300,Partner B,2/4/17,Service,1,1,692,330
1005,90882,5500,Partner C,1/1/17,Service,1,1,24,195
968,90845,5500,Partner C,1/1/17,Service,1,1,54,202
989,90866,5500,Partner C,1/1/17,Service,1,1,83,187
996,90873,5500,Partner C,1/1/17,Service,1,0,192,411
1003,90880,5500,Partner C,1/1/17,Service,1,1,194,298
998,90875,5500,Partner C,1/1/17,Service,1,0,206,403
974,90851,5500,Partner C,1/1/17,Service,1,1,257,317
973,90850,5500,Partner C,1/1/17,Service,1,0,263,321
999,90876,5500,Partner C,1/1/17,Service,1,0,280,324
977,90854,5500,Partner C,1/1/17,Service,1,0,295,243
961,90838,5500,Partner C,1/1/17,Service,1,0,551,324
962,90839,5500,Partner C,1/1/17,Service,1,0,455,244
963,90840,5500,Partner C,1/1/17,Service,0,1,77,397
964,90841,5500,Partner C,1/1/17,Service,0,1,670,383
965,90842,5500,Partner C,1/1/17,Service,0,0,676,0
970,90847,5500,Partner C,1/1/17,Service,0,1,427,201
971,90848,5500,Partner C,1/1/17,Service,0,0,469,0
975,90852,5500,Partner C,1/1/17,Service,0,0,127,0
976,90853,5500,Partner C,1/1/17,Service,0,1,559,354
979,90856,5500,Partner C,1/1/17,Service,0,0,461,0
980,90857,5500,Partner C,1/1/17,Service,1,0,605,365
982,90859,5500,Partner C,1/1/17,Service,1,1,121,441
983,90860,5500,Partner C,1/1/17,Service,1,1,362,424
984,90861,5500,Partner C,1/1/17,Service,1,0,430,214
985,90862,5500,Partner C,1/1/17,Service,1,1,563,125
987,90864,5500,Partner C,1/1/17,Service,0,0,204,0
988,90865,5500,Partner C,1/1/17,Service,0,0,483,0
991,90868,5500,Partner C,1/1/17,Service,1,0,493,215
992,90869,5500,Partner C,1/1/17,Service,0,1,27,108
993,90870,5500,Partner C,1/1/17,Service,1,0,646,103
994,90871,5500,Partner C,1/1/17,Service,0,1,475,108
995,90872,5500,Partner C,1/1/17,Service,1,0,497,131
997,90874,5500,Partner C,1/1/17,Service,0,1,582,127
1004,90881,5500,Partner C,1/1/17,Service,0,0,376,0
1006,90883,5500,Partner C,1/1/17,Service,0,0,398,0
1001,90878,5500,Partner C,1/1/17,Service,1,0,390,207
1002,90879,5500,Partner C,1/1/17,Service,1,0,478,401
978,90855,5500,Partner C,1/1/17,Service,1,0,508,207
990,90867,5500,Partner C,1/1/17,Service,1,1,539,398
969,90846,5500,Partner C,1/1/17,Service,1,0,546,434
967,90844,5500,Partner C,1/1/17,Service,1,1,555,442
981,90858,5500,Partner C,1/1/17,Service,1,1,557,196
986,90863,5500,Partner C,1/1/17,Service,1,0,601,209
1000,90877,5500,Partner C,1/1/17,Service,1,1,628,306
966,90843,5500,Partner C,1/1/17,Service,1,0,628,406
960,90837,5500,Partner C,1/1/17,Service,1,0,660,345
972,90849,5500,Partner C,1/1/17,Service,1,1,691,236
1307,8016872,6885,Partner C,9/1/16,Technical Support,1,0,42,312
1318,7892829,6885,Partner C,9/1/16,Technical Support,1,1,100,363
1305,3782096,6885,Partner C,9/1/16,Technical Support,1,0,435,449
1310,6630973,6885,Partner C,9/1/16,Technical Support,1,1,955,342
1313,7876042,6885,Partner C,9/1/16,Technical Support,1,1,689,207
1312,11034007,6885,Partner C,9/1/16,Technical Support,1,1,335,302
1303,41725,6885,Partner C,9/1/16,Technical Support,1,0,339,358
1316,4490476,6885,Partner C,9/1/16,Technical Support,1,1,400,363
1317,7269282,6885,Partner C,9/1/16,Technical Support,1,1,427,297
1314,10367999,6885,Partner C,9/1/16,Technical Support,1,0,451,221
1315,728655,6885,Partner C,9/1/16,Technical Support,1,0,150,148
1309,5390850,6885,Partner C,9/1/16,Technical Support,0,1,662,216
1304,2283685,6885,Partner C,9/1/16,Technical Support,1,1,699,222
1311,10480557,6885,Partner C,9/1/16,Technical Support,1,0,447,316
1302,804483,6885,Partner C,9/1/16,Technical Support,1,0,549,413
1308,7468637,6885,Partner C,9/1/16,Technical Support,1,0,343,113
1301,5564381,6885,Partner C,9/1/16,Technical Support,1,0,614,300
1306,10649246,6885,Partner C,9/1/16,Technical Support,1,0,641,475
1319,6251132,6885,Partner C,9/1/16,Technical Support,1,1,654,291